Entity ID,Rating,Cash,Total debt/total asset,Employees,Revenue - Total,Net Cash Flow
1045,Speculative,322,0.438604361,122.3,40180,5630
1075,Investment Grade,8.881,0.251294765,6.339,3498.682,1221.471
1078,Investment Grade,18620,0.392682186,75,20853,14350
1166,Speculative,399.031,0,1.67,630.936,-36.284
1177,Investment Grade,17996,0.275171377,49.5,63155,15853
1209,Investment Grade,1501.3,0.272390932,18.6,9524.4,2356.4
1230,Speculative,328,0.265508934,19.112,5931,2877
1380,Investment Grade,2732,0.233884211,2.304,4762,2106
1414,Investment Grade,211.976,0.076528924,2.662,1519.084,107.033
1439,Speculative,7.015,0.353502061,1.45,477.665,43.038
1440,Investment Grade,210.5,0.277629408,17.634,16380.1,5023.2
1447,Investment Grade,25208,0.19677393,56.4,33823,692
1598,Investment Grade,717.259,0.290485664,15.7,3840.087,813.889
1602,Investment Grade,3241,0.388954732,19.2,22991,7755
1632,Investment Grade,921.132,0.217329559,10,3421.409,1257.978
1661,Investment Grade,264.093,0.43707444,13,2227.839,393.689
1678,Investment Grade,1377,0.37941294,3.727,5367,1570
1690,Investment Grade,20484,0.23447399,116,215091,45341
1704,Investment Grade,3406,0.215451056,16.7,10825,-966
1706,Speculative,179.604,0.392058303,5.2,1149.41,99.267
1722,Investment Grade,619,0.163544469,31.8,62346,896
1773,Investment Grade,534.32,0.189797588,18.7,23825.261,521.87
1794,Speculative,1188,0.31504589,11,4948,269
1828,Investment Grade,606,0.413151491,6.751,4045,1423
1860,Speculative,145.427,0.270479132,0.938,1020.644,234.383
1891,Investment Grade,3191.1,0.045974353,57,11667.8,10650
1906,Speculative,67.792,0.328260137,0.332,779.321,22.471
1919,Investment Grade,1031.478,0.11914833,17.7,26219.279,257.67
1920,Speculative,654.4,0.548656,26.4,5717.7,197.4
1976,Investment Grade,4572,0.151623411,33,9841,2044
1988,Speculative,597,0.451987881,18.45,9061,-193
2044,Investment Grade,905,0.309398617,16.3,3714,396.8
2055,Investment Grade,2389,0.308264725,18.18,8558,343
2086,Investment Grade,2801,0.17875981,48,10163,1330
2111,Investment Grade,1541,0.412334871,50.928,12483,798
2136,Investment Grade,2880,0.43178393,160.9,125980,9393
2137,Investment Grade,853,0.330725633,48.09,21719,4824
2154,Investment Grade,74.2,0.411174207,17.678,4004.4,327
2220,Investment Grade,456.264,0.112760823,8.25,2068.172,225.453
2259,Investment Grade,13.58,0.492858046,2.834,1572.974,1161.461
2270,Speculative,1159.7,0.343845003,4.9,2776.4,1608.5
2285,Investment Grade,8801,0.106314655,150.5,94571,912
2337,Speculative,35,0.177928455,8.3,3545,250
2369,Investment Grade,4299,0.372342422,55,24893,10076
2393,Speculative,89.839,0.151948935,5.445,1808.778,60.371
2403,Investment Grade,4237,0.169579019,25,19427,405
2408,Investment Grade,432,0.418478849,51.25,12725,3132
2444,Investment Grade,422.4,0.132888848,14.415,4488.5,249.5
2497,Speculative,38.767,0.302022976,15.4,5134.703,176.107
2504,Speculative,370.6,0.095963593,21,2820.7,201.5
2547,Investment Grade,3185,0.080121294,41,39668,3801
2558,Investment Grade,271,0.049064871,6.7,9227,743
2574,Investment Grade,603,0.309538601,26.628,11069,1773
2593,Investment Grade,200,0.301576873,4.3,2411,208
2663,Investment Grade,296,0.295266046,16.5,7961,392
2696,Investment Grade,176,0.254958577,22.249,12037,2663
2698,Investment Grade,164,0.450496852,11.653,6232,596
2703,Investment Grade,829.7,0.174288366,29.22,12681,706
2751,Investment Grade,2356,0.145126311,37.3,121546,1832
2787,Investment Grade,82,0.218766775,4.5,1813.4,93.8
2817,Investment Grade,7168,0.305445492,95.4,38537,2496
2884,Speculative,222,0.386774996,40,17470,3090
2940,Investment Grade,304.508,0.087853313,9.7,4836.884,299.818
2991,Investment Grade,6988,0.135674682,55.2,103310,12871
3007,Speculative,31.446,0.756390913,58.335,3257.489,190.434
3026,Investment Grade,187.8,0.180220941,4.5,3493.1,215.7
3028,Speculative,48.7,0.402546132,4,1308.6,24.9
3036,Speculative,9.7,0.778131084,3.4,1185.8,97.8
3105,High Risk,845.03,1.556654914,18.7,6273.573,-432.213
3107,High Risk,323.4,1.150527574,2.923,2118,96.6
3121,Investment Grade,401,0.398406375,8,5761,462
3138,Investment Grade,21.85,0.387203182,13.2,3156.428,418.378
3144,Investment Grade,8555,0.340139796,100.3,41863,2251
3153,Speculative,162.182,0.150773859,2.087,665.777,45.589
3170,Investment Grade,1315,0.537820671,36.7,15195,908
3221,Investment Grade,431,0.220514747,69,11627,1040
3226,Investment Grade,3301,0.307844875,159,80403,19391
3243,Investment Grade,23043,0.09489157,219,82566,82224
3246,Speculative,517.544,0.242088698,8.388,4610.526,209.148
3278,Speculative,490,0.68707136,30,8659,2191
3394,Investment Grade,1.564,0.251174631,0.266,99.411,66.667
3439,Investment Grade,235,0.404680418,7.8,6399,1884
3469,Speculative,16.643,0.47623832,1.08,1980.273,538.146
3502,Speculative,504.423,0.113420847,10.54,2924.869,191.472
3504,Speculative,100.817,0.247423657,10.6,1966.814,508.255
3505,Investment Grade,560.9,0.388108992,17.4,4885,12444.8
3532,Investment Grade,5291,0.130685688,40.7,9390,-2785
3580,Investment Grade,509.7,0.217415403,11,2748,217.7
3592,Speculative,579,0.770236716,10.1,3733,-359
3607,Speculative,220,0.210793358,2.5,1654,-14
3619,Speculative,559,0.491405355,24,8284,314
3650,Investment Grade,1120,0.104456732,55.4,17537,526
3708,Speculative,198.24,0.631488122,12.1,1435.418,-223.127
3734,Speculative,707,0.3281893,24.9,5826,296
3735,Investment Grade,963.7,0.213580658,62,16882.4,5564.5
3835,Investment Grade,4335.8,0.409781413,56.767,26006,1363.8
3851,Speculative,2762,0.120969158,83.756,39639,2945
3863,Speculative,76.574,0.330903917,6.026,1849.062,323.587
3897,Investment Grade,92,0.351705627,10,10630,3443
3980,Investment Grade,4610,0.180989428,195,55632,6222
4029,Investment Grade,261,0.422161709,16.2,11737,10357
4040,Speculative,317.5,0.555278082,44.36,6895.7,154.2
4058,Investment Grade,349.146,0.318025688,29,6794.342,1495.583
4060,Investment Grade,6607,0.257272579,56,48158,1586
4066,Investment Grade,3002.2,0.214557055,78.5,15416.9,954.1
4087,Investment Grade,4605,0.202857572,46,24764,972
4093,Investment Grade,392,0.343293588,28.798,22754,11068
4094,Investment Grade,352.6,0.721754481,4.8,1703.7,97.8
4108,Investment Grade,367.162,0.315413524,18,3990.487,96.755
4145,Investment Grade,359.265,0.24440764,8,2115.517,235.604
4213,Investment Grade,327.4,0.335277302,47.565,13152.8,1071.5
4241,Investment Grade,8.42,0.354091991,1.1,886.936,276.003
4321,Investment Grade,3182,0.186818746,74.5,14522,836
4351,Speculative,386.093,0.115166678,0.39,621.366,450.953
4367,Speculative,1037,0.584570436,30,5749,757
4383,Investment Grade,47.534,0.218639823,4.747,3349.949,1098.613
4423,Investment Grade,129.3,0.313145258,9.5,3144.9,1983.3
4460,Speculative,258.52,0.281592108,13.572,1992.631,137.77
4462,Investment Grade,192.154,0.358134783,1.998,2049.451,250.057
4503,Investment Grade,3657,0.087589385,71.1,197518,12789
4510,Investment Grade,64.2,0.292997573,5.9,3282.4,120.8
4517,Investment Grade,1292,0.309112931,14.7,16155,8831
4600,Speculative,300,0.407433578,53,7434,526
4622,Speculative,45.582,0.434014998,5.125,1145.292,144.627
4669,Investment Grade,593,0.309775967,11.877,5628,185
4809,Investment Grade,6.41,0.342862617,10.8,3926.885,62.079
4818,Investment Grade,1850.436,0.164700556,61.551,19036.525,695.569
4839,Investment Grade,15905,0.392101735,201,151800,27250
4926,Investment Grade,142.245,0.285749475,4.587,2094.605,143.098
4941,Investment Grade,307.5,0.558096659,2.26,1418.3,501.2
4988,Speculative,76.92,0.473238808,10.121,3341.198,220.996
5018,Speculative,410.3,0.270282285,4.965,1761.3,248.9
5047,Investment Grade,48129,0.288011764,295,119688,-89375
5072,Speculative,5934,0.241711864,7.6,9822,8237
5073,Investment Grade,12960,0.250800668,225,166380,33684
5179,Speculative,55.444,0.23904345,4.346,1610.938,113.091
5234,Speculative,1132,0.290594149,66,15158,644
5250,Speculative,90.6,0.51775534,3.7,1598.6,262.6
5256,Investment Grade,274.146,0.323295881,25.6,10137.204,248.444
5284,Speculative,325.189,0.631167116,3.996,812.465,707.205
5338,Speculative,103.7,0.309102442,12.37,3323.6,28.2
5342,Speculative,157.2,0.196893897,2.916,1630.4,75.5
5379,High Risk,8.822,0,0.45,123.719,-3.172
5439,Investment Grade,4009,0.45237037,50,15887,-5243
5492,Investment Grade,487,0.343447816,21,7467,31
5496,Speculative,71.879,0.397903485,9.4,1451.223,-132.488
5518,Investment Grade,1282.285,0.235433673,5.4,5019.822,441.815
5560,Speculative,169.777,0.213695626,1.396,645.957,213.307
5568,Investment Grade,4204,0.246621846,41,26487,617
5597,Investment Grade,296.967,0.424930032,17.98,7440.181,549.032
5606,Investment Grade,6288,0.232954154,49,48238,-11193
5608,Investment Grade,35.2,0.285095393,6.155,2004.3,354.6
5639,Speculative,232.2,0.454767267,10,2655.2,139.3
5643,Speculative,1418,0.405974591,169,11663,1321
5667,Investment Grade,710.579,0.236881868,2.676,10535.7,1445.643
5671,Speculative,185.093,0.990410754,16.092,2378.855,216.155
5709,Investment Grade,415.143,0.039246055,21.1,9523.224,483.202
5742,Investment Grade,341,0.345045582,7.727,7528,1123
5750,High Risk,346.765,0.79471052,1.961,2752.247,141.998
5764,Investment Grade,437.6,0.280992908,17.4,3505.2,351.4
5783,Investment Grade,6.377,0.257581899,22.19,6555.459,486.199
5862,Investment Grade,85.909,0.383580439,0.315,788.278,318.224
5870,Investment Grade,61.48,0.277367658,2.02,1262.02,244.122
5878,Investment Grade,2472,0.472139991,50,13599,47
5903,Investment Grade,391,0.120804725,5.6,23399,-1759
5918,Investment Grade,68.6,0.27408761,5.8,2448.3,503.1
5959,Investment Grade,1714.7,0.213215768,45,13508.9,795
5968,Speculative,80.7,0.605825367,3.325,2859.7,37.3
5987,Speculative,72.553,0.512830959,6,1957.161,113.271
6008,Investment Grade,5560,0.182207241,106,59387,16069
6066,Investment Grade,7826,0.295011492,380.3,79920,11167
6078,Investment Grade,323.992,0.265586072,6.932,3116.35,515.712
6081,High Risk,804,0.707058199,11.3,8111,-86
6104,Investment Grade,1033,0.332133753,55,21079,3460
6116,Investment Grade,263.727,0.119400182,0.792,659.116,166.987
6135,Investment Grade,2117,0.42517942,7.734,34560,6313
6136,Investment Grade,1097.6,0.102577452,49.8,7846.6,-153
6196,Speculative,115.1,0.336818448,8.9,7622.8,5.8
6223,Investment Grade,464.617,0.104848016,31,7551.524,255.132
6266,Investment Grade,18972,0.158928673,126.4,71890,10216
6304,Investment Grade,1108.488,0.61621721,5.58,2984.493,122.994
6310,Investment Grade,684,0.465151609,11.121,13058,2158
6326,Speculative,41.205,0.209774197,5.265,1808.376,63.748
6334,Investment Grade,1293.1,0.247988209,2.865,2676,2965.3
6335,Investment Grade,170.6,0.257612702,6.82,2334.2,662.2
6338,Investment Grade,3.066,0.308547416,2.254,2562.087,1012.595
6375,Investment Grade,280,0.443385613,37.369,12983,986
6386,Investment Grade,161.579,0.295322555,11.178,2098.436,108.853
6435,Investment Grade,923,0.440966991,42,18202,1047
6461,Investment Grade,5.634,0.167956818,3.95,1770.673,349.27
6528,High Risk,60.017,0.319953244,0.61,374.585,-219.45
6547,Investment Grade,5.2,0.301724422,3.296,1537.3,604.1
6565,Investment Grade,5039.322,0.275726136,7.5,5885.893,2946.022
6639,Speculative,16.984,0.859199914,3.976,614.364,-28.658
6649,Investment Grade,281.9,0.320431621,21.3,3749.9,150.4
6669,Speculative,1329.529,0.29104542,8.335,10949.999,256.921
6682,Investment Grade,3807.558,0.154416268,13,10875.254,834.547
6730,Investment Grade,4582.1,0.215632159,41.975,21222.1,4291.2
6768,Speculative,478.536,0.351018041,3.9,1381.478,241.729
6771,Investment Grade,1314,0.331891044,195,46385,1737
6774,Investment Grade,1837,0.298749111,97,47248,1732
6788,Speculative,0.314,0.334465082,0.762,1099.043,308.678
6821,Speculative,659.3,0.184324537,4.8,2233.4,-64.7
6865,Speculative,282.909,0.338784199,1.318,2326.844,92.703
6946,Investment Grade,974,0.106088806,155.45,36445,2366
6994,Speculative,69.9,0.177296086,4.9,1613.1,47.1
7017,Investment Grade,2490,0.211905834,2.117,4031,2147
7065,Investment Grade,1026,0.247113799,60,13200,940
7085,Investment Grade,990,0.583025112,26,7357,-320
7116,Investment Grade,869.531,0.328663182,32,5456.65,313.038
7146,Investment Grade,118.4,0.227356069,10.5,4411.5,286.6
7152,Speculative,595.921,0.218604817,12.4,2635.983,62.407
7154,Investment Grade,1223.4,0.834147222,375,24621.9,-5376.8
7241,Investment Grade,3371,0.271167242,250,177526,3380
7257,Investment Grade,6515,0.254505803,68,39807,1332
7343,Speculative,4140,0.332389252,31.4,12399,4913
7346,Speculative,189.5,0.483495365,4.4,1655,1347.3
7366,Investment Grade,1187.844,0.315704513,13.513,10845.645,3686.931
7368,Investment Grade,3.879,0.21694044,0.309,132.906,47.785
7435,Investment Grade,2398,0.325867623,91.584,30109,2036
7437,Investment Grade,27.5,0.279308658,1.963,1339.7,206.7
7549,Speculative,325.128,0.332133738,10.497,2411.937,95.994
7585,Investment Grade,1030,0.518964906,14,6038,123
7620,Investment Grade,872.797,0.235313029,1.294,1809.575,309.914
7648,Speculative,498,0.39111169,33.5,6543,388
7733,Investment Grade,129.972,0.37013995,2.08,1452.416,469.872
7750,Speculative,716,0.609853852,131.61,19621,790
7770,Speculative,24.505,0.390312544,1.293,1283.547,29.919
7875,Investment Grade,587.5,0.333680089,53.4,13264,9168.9
7881,Investment Grade,2756,0.19252532,12.4,6711,985
7882,Speculative,87.878,0.091332439,1.8,471.496,10.445
7912,Investment Grade,1180,0.333682357,2.274,3389,583
7923,Investment Grade,956,0.282070389,28.044,9888,1687
7974,Investment Grade,26.4,0.324108304,8.007,4492.5,1593.8
7977,Investment Grade,84.476,0.34490639,11.512,11106.92,3260.949
7985,Investment Grade,2541,0.275552432,67,24508,1027
7993,Investment Grade,3.521,0.220577239,1.108,693.078,135.939
8001,Investment Grade,5.079,0.330528805,1.552,1257.247,279.646
8030,Investment Grade,2045.961,0.245616092,23.9,16208.122,1123.567
8068,Investment Grade,2233,0.227771463,11,10090,3774
8079,Investment Grade,450.193,0.253347666,9.3,2271.603,243.38
8099,Investment Grade,199,0.421618615,15.707,14562,3349
8113,Investment Grade,0.3,0.242041933,2.453,2259.2,545.5
8123,Speculative,184.5,0.403658731,6.4,5550.6,265.7
8151,Speculative,248.875,0.490744048,2.384,8920.934,766.822
8199,Investment Grade,0,0.264246478,2.054,803.539,159.324
8213,Investment Grade,185.488,0.20773897,7.9,9723.431,44.991
8214,Investment Grade,112,0.271153598,16,5677,855
8215,Speculative,492,0.561904762,27,6702,523
8247,Investment Grade,1820,0.240154734,47,14766,141
8264,Investment Grade,177,0.236450042,24,17666,5580
8272,Investment Grade,349,0.301950362,16.575,10183,4832
8357,Speculative,119.691,0.52224682,2.199,427.004,11.91
8358,Investment Grade,1221.653,0.221867639,48.95,11360.753,367.42
8431,Investment Grade,2107,0.04027455,7.6,6454,3868
8455,Investment Grade,341,0.464778807,12.689,7517,2451
8463,Investment Grade,238.5,0.37091237,26,4890,261.3
8479,Investment Grade,9158,0.405414885,264,62799,7462
8486,Speculative,146.103,0.166796827,11.603,4973.076,89.146
8512,Speculative,244.1,0.233059702,0.395,382.915,1752.376
8515,Speculative,2.596,0.435811632,2.472,634.098,75.407
8530,Investment Grade,2595,0.182956035,96.5,52824,6980
8539,Investment Grade,635,0.280373181,34.396,31360,9636
8543,Investment Grade,4569,0.302207611,8.3,19337,-1508
8549,Investment Grade,3610,0.291694515,13.3,23693,5167
8606,Investment Grade,770.985,0.47119108,14.2,3406.575,266.593
8644,Speculative,827,0.217212036,9.224,3472,1050.9
8692,Speculative,82.584,0.61762179,0.953,599.099,-18.692
8762,Investment Grade,7102,0.149013655,105,65299,6222
8807,Investment Grade,4.522,0.327513182,1.814,1362.951,657.846
8810,Investment Grade,423,0.271899176,13.065,9208,4277
8823,Speculative,698.882,0.295110236,4.623,7668.476,419.005
8972,Investment Grade,3303,0.177525622,63,24069,922
9063,Investment Grade,64.8,0.160149105,26,21609,480.4
9203,Investment Grade,1526.4,0.213527291,22,5879.5,549.6
9215,Investment Grade,0,0.540893374,25.2,13702,2374
9299,Investment Grade,58.801,0.421910884,34.5,6786.984,1413.171
9445,Investment Grade,208,0.346020206,5.91,4227,1652
9465,Investment Grade,2929,0.211183232,100,27810,833
9555,Speculative,363.7,0.532987779,23,6778.3,366
9611,Speculative,194.986,0.265540491,23.463,3031.137,274.665
9667,Investment Grade,889.793,0.179388705,42.55,11855.602,1001.219
9778,Investment Grade,77.6,0.153328252,12.1,3711.8,460.1
9815,Investment Grade,257.226,0.26016956,20,4782.877,82.983
9831,Investment Grade,18.282,0.2165904,0.75,1036.5,259.573
9835,Speculative,10.194,0.484890773,1.8,277.076,20.801
9846,Investment Grade,96,0.198406048,12.39,11869,3351
9849,Investment Grade,0.436,0.218281216,0.736,436.087,127.293
9850,Investment Grade,1975,0.388606799,32.015,19896,20619
9882,Investment Grade,1680,0.121145753,53.536,20425,2369
9899,Investment Grade,5788,0.281513344,268.54,163763,24882
10016,Investment Grade,1131.8,0.244024586,54.023,11406.9,1052.1
10115,Investment Grade,3316,0.327183753,33,11325,4173
10247,Investment Grade,3919.3,0.438764263,51.9,50366.919,-471.589
10385,Speculative,1407,0.231384546,9.4,9300,1421
10405,Speculative,229.6,0.342727273,8.5,3134.6,279.8
10407,Speculative,543.789,0.218505643,12.6,1868.027,289.788
10411,Speculative,900,0.257569342,10.3,5102,723
10443,Speculative,347,0.297745053,31,8599,398
10466,Speculative,3295,0.317089911,6.3,24005,3670
10499,Investment Grade,1154,0.181242773,29.865,13370,804
10519,Investment Grade,1298,0.211811434,36,13788,844
10530,Investment Grade,786.2,0.33485596,55,18274.1,6016.9
10567,Speculative,137.385,0.653014545,47,1319.398,170.489
10581,Investment Grade,148.8,0.230214262,14.111,2669.8,232.6
10614,Investment Grade,76.163,0.052862493,3.128,3934.629,1078.917
10618,Investment Grade,273.555,0.238860325,6.329,2393.262,191.506
10631,Investment Grade,425.354,0.520449871,11.5,4170.077,2540.099
10726,Speculative,577.658,0.360771046,8.2,1947.93,-74.572
10735,Investment Grade,563.4,0.321907225,17.68,4588.3,800.1
10793,Investment Grade,349,0.277119743,114,36881,339
10795,Speculative,2179,0.267563528,88,36556,2329
10816,Speculative,427,0.279917291,6.6,3017,-756
10860,Investment Grade,9,0.267014859,8.629,6076,1858
10867,Investment Grade,1277,0.255734233,42.919,19941,3279
10877,Speculative,0.893,0.329182032,1.216,602.177,111.029
10894,Investment Grade,2.112,0.442924773,1.587,1014.025,107.647
10903,Investment Grade,10430,0.209893331,230,184840,8784
10920,Investment Grade,3476,0.306956931,434,60906,3333
10991,Speculative,115.1,1.132276999,8.4,2883.4,223
11032,Speculative,33.747,0.390609357,81.125,9765.21,1162.526
11060,Investment Grade,1227.862,0.209376723,69,12019.003,401.04
11096,Investment Grade,174.72,0.360860808,11.083,4190.552,126.546
11191,Speculative,471.781,0.115999377,22.1,2323.431,153.965
11228,Investment Grade,258.986,0.234050269,7.533,3592.667,340.003
11258,Speculative,4.854,0.191151789,2.318,1221.908,0.107
11264,Investment Grade,9807,0.25733271,360,117351,10453
11296,Investment Grade,5.573,0.238384275,1.554,2349.559,664.305
11300,Speculative,648.885,0.109577072,20.384,2481.89,218.179
11304,Investment Grade,8.507,0.325865129,1.982,1442.483,430.489
11440,Speculative,60.082,0.64533295,3.2,1477.96,192.056
11443,Investment Grade,1560,0.316765931,201.5,47999,1485
11456,Investment Grade,676,0.355453931,10.4,6365,-2895
11465,Investment Grade,1085,0.202370386,93,20718,925
11506,Speculative,170,0.483057542,5.604,7499,486
11550,Investment Grade,37.5,0.304024805,8.164,7472.3,1257.8
11566,Speculative,369.8,0.320886623,5.86,2494.6,216.8
11636,Investment Grade,2223,0.292367043,37.6,10771,1422
11649,Speculative,136.7,0.553841808,32.3,4697.5,30.6
11657,Investment Grade,4.209,0.263995582,0.105,47.584,13.856
11670,Speculative,497.3,0.147093829,15.992,5215.4,1062
11721,Speculative,321.9,0.183038681,13.8,6279.2,361.9
11729,Investment Grade,149.8,0.042920226,1.4,1356,-1097.7
11770,Investment Grade,912.932,0.045134347,6.977,2627.37,5369.029
11781,Investment Grade,834,0.307240838,2.2,2918,587
11923,Investment Grade,3184,0.335374418,4.5,8447,5008
12124,Investment Grade,43381,0.170130892,55.311,37949,9871
12141,Investment Grade,6510,0.21055376,114,85320,24932
12198,High Risk,109.917,0.610080322,2.8,734.514,45.484
12250,Speculative,274.305,0.389503257,0.545,532.091,118.304
12389,Investment Grade,759.984,0.47187682,6,5996.458,439.949
12395,Speculative,633.715,0.322295369,4.2,5400.46,-293.489
12428,Investment Grade,6,0.292281121,2.752,1923,587
12459,Investment Grade,396.619,0.225592987,4.9,5834.585,-19.269
12540,Investment Grade,1011.315,0.149685287,15.706,5854.43,1109.022
12589,Speculative,40.5,0.636344219,35.71,3646,223.9
12635,Investment Grade,300,0.458483013,23,5505,579
12689,Speculative,593,0.450011536,1.79,3594.646,38.738
12726,Investment Grade,100.4,0.048423109,9.4,11047.4,697.5
12756,Investment Grade,407.307,0.299547633,24.504,9637.142,652.114
12785,Speculative,120.328,0.336364585,39.6,7931.123,-57.648
12788,Investment Grade,602.3,0.217459013,26,6911.676,388.893
12796,Speculative,72.031,0.383077665,6.3,1952.557,454.703
12886,Investment Grade,4424,0.399007547,21.5,27326,-2302
12909,Investment Grade,1738.747,0.092389773,10.9,5605.174,686.642
12972,Speculative,5.68,0.51377664,26.5,3794.977,135.058
13003,Speculative,276.709,0.281628026,10,2371.4,168.951
13341,Investment Grade,211.5,0.093432054,31.721,23417.4,2451.5
13421,Investment Grade,465.232,0.306877078,7.094,1816.083,-147.818
13440,Speculative,1819,0.43703793,12.6,8172,2287
13453,Speculative,64.913,0.066766506,3.098,857.779,-38.168
13498,Investment Grade,603,0.214634272,97.2,16389,2543
13540,Speculative,45.828,0.465833111,5.8,4198.099,327.14
13599,Investment Grade,6169.9,0.490945538,7.132,11229.2,2330.7
13700,Investment Grade,383.9,0.129640274,15.7,3745.3,37.2
13721,Investment Grade,727,0.584128644,9,4918,-190
13963,Speculative,393.53,0.806919343,1.425,1264.969,153.704
13971,Speculative,223.89,0.372517344,1.275,1998.429,57.165
13994,Investment Grade,1319,0.155734656,5.15,12919,609
14027,Speculative,306.997,0.443592473,12.4,2755.226,479.859
14065,Speculative,62,0.401258851,11,4001,190
14163,Speculative,5.291,0.451565642,5.4,977.093,5.231
14256,Investment Grade,2105.229,0.233808685,7.213,2194.719,491.542
14282,Investment Grade,1034.6,0.310106252,62,6286.4,944.1
14304,Speculative,200.772,0.410381918,2.388,1116.843,-72.574
14313,Speculative,161,0.303501946,2.6,1766,261
14330,Investment Grade,50,0.114722222,7.8,4450,275
14352,Investment Grade,1055.484,0.088396623,34.952,8287.989,-432.605
14353,Investment Grade,405,0.341229739,14,4951,1234
14359,Investment Grade,1118,0.165745185,3.604,3951,3547
14369,Speculative,586,0.227566807,6.3,3939,489
14370,Investment Grade,598.5,0.103720525,28,19654.1,2.4
14372,Speculative,44,0.585344828,3,1499,56
14390,Investment Grade,269,0.444159152,8.425,6838,6934
14391,Investment Grade,305,0.338486722,2.341,2397,581
14412,Speculative,496.031,0.4647536,1.617,805.377,-197.905
14418,Speculative,1446.581,0.460869672,75,9455.123,2053.394
14433,Investment Grade,345,0.433895959,5.388,3399,1281
14477,Investment Grade,32,0.426338751,41.2,13609,1925
14535,Speculative,128.852,0.223686669,4.1,943.047,93.159
14563,Speculative,136.569,0.549882283,1.486,931.623,78.405
14590,Speculative,4245,0.396468098,30,14830,518
14790,Speculative,131.702,0.338166318,1.485,3041.734,-110.4
14822,Investment Grade,795.285,0.106339679,7.683,7554.883,841.444
14828,Investment Grade,145.7,0.082015534,8.5,5900.2,1022.3
14960,Investment Grade,433.6,0.372008142,52,9641.8,526.1
15037,Investment Grade,157,0.128250454,8.712,3510,505
15042,Speculative,25.6,0.213390591,2.3,6266,194.1
15055,Investment Grade,17,0.255643841,7.27,10523,3759
15070,Investment Grade,3016,0.181540439,12.837,26807,6549
15083,Investment Grade,16.7,0.168703327,8,2019.5,129.3
15247,Investment Grade,4816,0.170792454,9.996,70166,2808
15252,Speculative,20.71,0.343117957,4,794.02,32.37
15267,Investment Grade,235.964,0.321474803,7.158,2113.043,446.465
15417,Investment Grade,515.646,0.192605624,8.297,1766.629,214.638
15580,Investment Grade,31653,0.006307282,45.234,25577,5327
15581,Investment Grade,3500,0.072934057,43.213,18665,7775
15582,Investment Grade,6855,0.032755901,88.901,34295,2903
15607,Investment Grade,4396,0.016632186,26.879,49122,5885
15620,Investment Grade,8183,0.010589735,21.77,7898,4905
15633,Investment Grade,14929,0.008271073,80,46150,23722
15704,Investment Grade,2368,0.225405716,45.7,11166,-728
15706,Investment Grade,3907,0.007341752,81.233,38490,25674
16101,Investment Grade,5100,0.551294271,30,25638,3113
16432,Investment Grade,123.716,0.139755022,3.687,1492.687,1478.614
16477,Investment Grade,1271.6,0.191705553,148.4,18557.6,746.4
16478,Investment Grade,1599.895,0.236928491,2.65,7363.394,2116.341
16486,Speculative,103.978,0.304078594,6.19,3911.215,218.321
16582,Investment Grade,32,0.214836279,5.13,4456,836
16648,Speculative,1.2,0.559957269,5.4,1404.6,171.2
16653,Speculative,300.179,0.312244991,1.8,3550.029,255.341
17074,Investment Grade,64.643,0.054783127,0.683,1188.907,222.137
17115,Investment Grade,0.458,0.059947813,2.25,2281.33,317.661
17239,Speculative,137.061,0.525962239,100.1,7219.519,237.944
17687,Speculative,163.09,0.396406009,0.294,138.525,-12.949
17699,Speculative,137,0.345183486,15.155,9061,327
17899,Speculative,630.8,0.319868533,0.142,1240.2,1704.3
17997,Speculative,366.155,0.623448652,11,5025.918,245.862
18004,Speculative,29.45,0.44474099,0.565,994.44,23.364
18086,Speculative,280.5,0.373495842,4.5,3380.8,22.3
18246,Speculative,632.234,0.073479302,0.952,1461.63,-10.679
18293,Speculative,317,0.647262317,0.003,1021,367
18465,Speculative,31.61,0.329974852,0.528,1646.89,2403.275
18498,Speculative,153.813,0.301436273,9.1,9633.075,186.332
18841,Speculative,131.791,0.393695684,6,1281.405,327.145
18872,Speculative,988.598,0.233729067,3.583,2529.619,679.08
19171,Speculative,690.776,0.22661694,0.115,353.857,1577.458
19190,Speculative,107.066,0.551506304,5.35,570.912,-29.388
19377,Speculative,470.043,0.194752378,0.467,778.906,2235.702
19442,Speculative,51.536,0.416889196,0.617,461.375,49.078
19507,Speculative,65.2,0.571566136,2.181,1513.9,0.6
19517,Investment Grade,14.663,0.241249529,3.4,1427.232,320.809
19574,Speculative,172.246,0.253632029,10.092,1255.356,170.441
19578,Speculative,198.349,0.392823308,6.458,1606.378,171.624
19580,Speculative,296,0.28641115,7.45,3076,-63
19640,Speculative,131.074,0.24807294,0.201,214.152,103.077
19800,Speculative,160.596,0.581649999,7.333,1006.254,143.14
19843,Speculative,54.235,0.315807211,11.949,4341.795,148.16
19974,Investment Grade,4.866,0.406264398,0,192.41,2.435
20115,Speculative,33.605,0.573267494,1.3,751.526,87.598
20185,Speculative,50.1,0.402698661,5.1,2836.1,115.2
20204,Speculative,149.411,0.545358673,0.145,368.461,-187.704
20232,Investment Grade,783,0.289508283,10.3,2918,391
20338,Speculative,118.1,0.50460695,14.21,3235.9,1145.5
20423,High Risk,1513,0.453135491,31,3877,-1133
20500,High Risk,14.251,0.553135992,0.798,428.218,63.782
20502,Speculative,326.655,0.544108432,1.2,868.731,311.912
20570,Speculative,27.921,0.593521654,6.138,1385.785,-10.469
20653,High Risk,1.606,0.680706259,1.058,960.567,204.211
20676,Speculative,621.872,0,0.304,246.87,-1223.161
20686,Investment Grade,9321,0.179254382,15,15122,10316
20695,Speculative,115.705,0.440989738,4.96,951.411,-95.816
20739,Speculative,565.333,0.225535485,0,654.556,4.615
20779,Investment Grade,7631,0.201254398,73.7,49247,8871
20904,Speculative,548.4,0.421511548,5.333,2832.7,127.5
21352,Speculative,113.7,0.27946713,12,1592.3,187.4
21431,High Risk,12,0.798866856,1.45,1547,61
21487,Speculative,202,0.604433103,10.875,2932.9,142.2
21515,Speculative,336.4,0.527839106,8.7,8073.7,283.5
21761,Speculative,219.1,0.503298097,8.7,2114.6,-99.2
21808,Speculative,61.029,0.615033956,7.4,892.896,23.899
21816,Speculative,139.938,0.804963709,5,2351.356,108.272
21845,Speculative,209.7,0.574173327,12,2790.7,256.4
21894,Investment Grade,27.5,0.219582241,65,12787.9,343.7
22815,Investment Grade,216.1,0.133268006,8.388,2362.2,251.3
23002,High Risk,65.904,1.173768421,0.117,175.706,-38.533
23084,Speculative,681.433,0.105696394,9.9,2310.415,237.778
23485,Speculative,84,0.607843137,3.6,1699,242
23714,Speculative,238,0.673942763,120,18438,-576
23809,Investment Grade,189.734,0.58449936,84,10635.676,524.532
23810,High Risk,52.652,0.4604139,0.48,172.808,-20.023
23978,Speculative,1515,0.325436681,29.8,10261,1086
24157,Speculative,89.955,0.212821351,16.2,1088.377,38.141
24216,Speculative,1305,0.530468728,19,13586,2147
24293,Speculative,55.2,0.255559404,2.76,1330.6,259.1
24302,Speculative,186.378,0.162570818,1.75,745.694,-121.974
24379,Speculative,155.41,0.18026572,0.823,1062.483,67.682
24405,Speculative,156,0.571675302,6.5,3574,-4
24415,Speculative,8.917,0.26193859,9,3093.743,41.557
24440,Investment Grade,117.347,0.088486867,0.965,875.976,155.186
24468,Investment Grade,2326.5,0.284685795,7.4,11448.8,3534.6
24678,Investment Grade,16.67,0.023372706,1.473,1115.301,326.521
24720,Speculative,163.467,0.261339018,5.1,1845.444,1.923
24782,Investment Grade,622.3,0.376673564,12.8,5280.6,386.2
24856,Investment Grade,8229,0.462397108,9,30390,7322
24893,Investment Grade,351,0.165273616,87,15724,1003
24925,Investment Grade,757.2,0.405486255,14.155,3789.925,3769.048
24943,Speculative,20.956,0.296627437,2.218,815.101,96.6
25056,Investment Grade,1539,0.339447594,25,29318,744
25092,High Risk,89.03,0.393003658,0.648,264.908,40.113
25119,Investment Grade,121.665,0.110330522,37.8,8959.087,703.653
25124,Investment Grade,524,0.461255949,26.498,10534,2130
25130,Speculative,65.403,0.381884652,5.5,1684.928,-23.984
25157,Speculative,385,0.449990072,24,11584,377
25180,Investment Grade,429.7,0.224596842,19.795,7410.5,605.9
25279,Investment Grade,196,0.299513705,27,8386,766
25339,Speculative,14.6,0.439568516,1.609,969.2,943.8
25340,Investment Grade,1303.2,0.211066797,6.976,12170.9,32
25405,Speculative,101.1,0.388606353,10,3858.4,-10.7
25434,Investment Grade,2128.8,0.223469067,254,21315.9,2825.1
25495,Speculative,1776,0.672489083,2.457,4318,3418
25509,Speculative,187.591,0.370174526,6.4,1450.047,-294.228
25536,Speculative,92.982,0.325695661,3.6,1829.017,137.261
25749,Speculative,27.044,0.365360334,3.62,2440.413,25.266
25792,Investment Grade,404,0.488552753,7.442,4287,8501
25870,Speculative,188.5,0.373646714,3.583,1638,30.3
25874,High Risk,28.312,1.871303327,0.064,66.667,-114.793
25895,Speculative,52.149,0.178843405,1.971,1238.452,178.455
26013,Speculative,9.372,0.453205602,0.607,1180.376,1879.993
26021,Speculative,399.644,0.296532429,3.716,830.985,-15.882
26061,Speculative,1329.187,0.34062145,9.1,3139.882,-158.688
26069,Speculative,1275.875,0.377348872,0.241,385.91,2068.483
26539,Speculative,883.171,0.123301165,2.729,432.727,113.663
26658,Investment Grade,91,0.144048037,6.816,6018,1189
27845,Investment Grade,1724,0.23235646,16.7,14570.6,-23696.8
27914,Investment Grade,3877,0.149314853,51.6,54932,2668
27928,Investment Grade,638,0.114823529,7.9,4694,-539
28139,Speculative,398.288,0.119733081,45.397,6481.181,158.695
28169,Investment Grade,412,0.259270176,15.2,13665,980
28180,Investment Grade,146.598,0.261933578,74.58,8593.096,559.393
28191,Speculative,132.603,0.36313686,66.1,8498.631,2760.499
28194,Speculative,226.7,0.45525649,7,3339.8,187.3
28195,Investment Grade,912.059,0.200918037,138,18353.086,1169.719
28216,Investment Grade,1200.718,0.074001732,2.482,11521.511,2521.107
28295,Speculative,147.827,0.323654679,6.1,1265.497,37.07
28296,High Risk,573.025,0.567444714,0.197,166.019,252.018
28349,Investment Grade,436,0.058438449,43.5,36128,2467
28462,Speculative,61.011,0.492356714,6.237,796.21,47.928
28477,Investment Grade,361.349,0.1915944,3.436,1662.167,350.887
28555,Speculative,62.286,0.531749699,4.07,2174.449,363.913
28590,Investment Grade,183.5,0.124122719,60.7,3020.6,122.6
28742,Investment Grade,443.7,0.231315155,27,9071,301.9
28930,Investment Grade,858,0.339560895,226.5,17072,3171
28940,Speculative,848.116,0.425596229,8.4,2351.118,716.498
29011,Speculative,193.862,0.684926043,19.932,2183.976,175.838
29028,Investment Grade,3379,0.133431837,218,118719,873
29131,Speculative,170.177,0.227866201,2.311,1007.981,125.335
29135,Speculative,2.705,0.381810524,0.252,601.979,296.394
29173,Speculative,555,0.56377551,0.994,1472,1541
29392,Investment Grade,181,0.408293977,14,9008,547
29453,Speculative,875.836,0.914980072,0.911,1283.167,4503.733
29733,Investment Grade,50.038,0.208066671,8.111,3818.749,436.942
29734,Speculative,4.137,0.463748707,1.998,508.403,91.391
29751,Investment Grade,2269.756,0.259976006,5,2677.203,-844.5
29755,Speculative,228.871,0.59019103,1.1,1822.114,-34.514
29830,Investment Grade,340.9,0.238573326,39,14171.8,1457.4
29894,Speculative,14.405,0.581867205,5.299,833.488,44.995
29955,Speculative,542,0.686232167,21.5,9674,124
29968,Speculative,173.2,0.450099108,8.5,5882.5,241.9
30259,Speculative,229.51,0.9623961,18.808,3034.38,71.789
30536,Speculative,68.038,0.581888506,19.37,2179.49,91.64
30651,Speculative,114.564,0.367750053,10,3398.115,207.168
30671,Investment Grade,122.8,0.249173559,14.5,8613.4,526.3
30778,Speculative,43.459,0.720511794,2.95,638.013,11.174
30990,Investment Grade,9976,0.138368162,47.3,27495,27583
31203,Speculative,123.238,0.207082395,1.432,711.335,75.988
31560,Speculative,79.342,0.16980821,1.071,512.156,29.182
31564,Speculative,75.753,0.343582357,4.111,1005.701,-151.246
31673,Investment Grade,2741.832,0.114993493,19,146849.686,3743.569
60800,Speculative,259.984,0.675666525,8.4,2736.949,716.015
60900,Speculative,5323.725,0.553232402,16,15094.562,5999.231
60902,Speculative,325.991,0.183824786,6.199,2450.58,198.592
60979,Investment Grade,398.484,0.26788667,20,2931.188,973.501
61034,Speculative,567.994,0.467698556,7.9,2328.569,64.815
61188,Investment Grade,10.896,0.476891509,0,2049.623,451.57
61338,High Risk,5.532,1.081033212,7.3,1660.001,-70.315
61408,Investment Grade,282.6,0.055300835,4.9,4945.8,442.6
61409,Speculative,156.233,0.310879196,2.8,1564.342,463.542
61483,Speculative,913.187,0.477413388,70.3,14745.105,611.463
61567,Investment Grade,914.1,0.207084232,46,11263.7,1183.8
61576,Speculative,65.298,0.602947411,3.687,974.807,304.087
61685,Speculative,481.62,0.429773893,13.2,1948.903,260.68
61811,Investment Grade,546,0.449906682,13.414,5379.8,712.4
61870,Speculative,1283.757,0.414809326,8.9,1824.228,955.886
62266,Speculative,126.351,0.366633815,3.312,760.958,41.236
62337,Speculative,652,0.142655492,4.881,987.1,336.3
62374,Speculative,236.484,0.640701396,24,3511.453,669.268
62391,Speculative,51.529,0.688210104,1.89,957.674,24.236
62516,Speculative,132.403,0.160809361,1.741,1319.094,38.173
62634,Speculative,1119.469,0.027035394,8.5,5169.135,1055.181
62655,Speculative,17.98,0.285947847,17,7710.226,247.479
62823,Speculative,216.158,0.164255081,4.718,1810.394,108.178
62897,Investment Grade,93.2,0.381660159,13,2213.1,45.3
63123,Speculative,32.319,0.302151629,7.3,2001.527,1126.991
63422,Speculative,35.53,0.593587279,3.3,1500.294,693.731
63490,High Risk,9.569,0.713155297,2.104,935.589,66.973
63605,Speculative,418,0.591758555,2.372,6692,1431
63645,Speculative,517.25,0.573709315,4.894,4010.274,118.713
63847,Speculative,24,0.206385212,24,20118.5,805.7
63892,Investment Grade,1408,0.128098392,36.627,7251,-181
63952,Speculative,115.371,0.15113026,2.744,1558.126,97.936
64030,Speculative,841.483,0.366328172,7.695,7777.109,427.344
64166,Investment Grade,359,0.369108911,43,7515,378
64356,Speculative,777.615,0.364374721,5.555,2600.573,285.292
64389,Speculative,24.69,0.426894097,9.1,3612.914,105.083
64480,Speculative,192.627,0.291411548,1.7,649.093,-94.55
64552,Investment Grade,1855,0.063050871,6.01,3327,740
64625,Investment Grade,307.521,0.703806114,0.3,1004.3,1690.88
64690,Investment Grade,1226.7,0.160740309,70.293,10073.6,668.2
64768,Investment Grade,19334,0.182405698,341.4,135987,13532
65084,Speculative,37.711,0.444430622,13.755,1847.785,94.608
65220,Speculative,4.194,0.814976324,0.227,443.594,581.108
65275,Speculative,14.633,0.446800087,31.2,1569.841,307.052
65399,Speculative,160,0.393744988,8,3199,52
65417,Speculative,704,1.654070829,90,6366,1064
65590,Speculative,50.389,0.190252174,4.2,695.977,21.906
65614,Speculative,5,0.27631935,2.988,2023.7,-285.7
65615,Speculative,202.463,0.98468095,1.789,924.641,107.951
65702,Speculative,2.544,0.79802284,2,565.03,63.196
65718,Speculative,20.992,0.271814291,13.5,10887.612,179.85
65831,Speculative,3.108,0.230722033,9.8,9731.779,220.257
66016,Investment Grade,512,0.319958492,11,6022,771
66065,Speculative,312,0.600016683,12.5,5762,989
66319,Investment Grade,21.4,0.400705308,1.136,1824.6,1852.4
66368,Speculative,231.945,0.529942533,0.99,1142.167,44.186
66599,Investment Grade,555.102,0.134828113,1.447,1238.26,-79.264
100873,Speculative,754,0.491926256,43,6309,1048
105365,Investment Grade,787.161,0.592459928,4.507,5785.668,2604.31
105590,Speculative,44.597,0.332780946,0.881,124.438,-9.698
106112,Speculative,185.9,0.225303951,1.667,683.8,410.6
106709,Speculative,228.7,0.441358309,5.6,566.4,106.9
108297,Speculative,715.311,0.159917031,3.221,1545.591,302.506
110039,Speculative,549.518,0.351810299,27.9,3893.635,617.223
110065,Investment Grade,92.8,0.114681963,2.3,1538.707,70.172
110732,Investment Grade,154.382,0.32312401,14.671,3375.863,440.443
111491,Speculative,35.097,0.45893876,1.156,656.322,25.666
111880,Investment Grade,768.66,0,25.561,3718.229,173.938
112030,High Risk,131.259,0.988173372,5.479,1141.4,15.748
112034,Speculative,2.491,0.618816991,1.651,346.18,3.161
112158,Speculative,557.2,0.066860362,26.4,6016.5,75.9
112168,Investment Grade,67.8,0.370976655,33,9387.7,996.6
113419,Speculative,138.8,0.125221351,130,2913.6,159.8
113490,Investment Grade,567.599,0.532275371,3.2,3921.225,1685.972
114524,Investment Grade,1816,0.314882375,12.6,8979,2082
114628,Investment Grade,121711,0.229596647,34.4,37712,19002
115044,Investment Grade,110.417,0.518762561,1.499,1106.591,2882.594
117145,High Risk,23.835,0,0.484,144.619,8.491
117861,Speculative,481.2,0.40628172,13.1,3948,426
117902,Speculative,46.843,0.434525795,2.828,460.245,37.179
118122,Investment Grade,838,0.322079401,145,16661,860
118264,Investment Grade,39.812,1.534694999,0.156,353,27.49
118502,Speculative,134.929,0.613539508,4.9,949.794,327.408
119314,Investment Grade,2081.075,0.312468796,18.5,10743.006,3982.434
120093,Speculative,60.475,0.300748553,2.307,1876.245,-499.47
120297,Speculative,96.1,0.457667352,47,6364,332.8
120301,Speculative,45.812,0.737964624,1.348,456.219,21.569
120444,Speculative,110.131,0.303527022,9,7336.017,23.972
120458,Speculative,176.68,0.272840588,0.6,434.161,15.757
120774,Speculative,1257.075,0.30407297,5.96,2345.61,312.101
120824,Speculative,75.774,0.457629664,2.934,1168.16,234.544
120877,Investment Grade,2051,0.24785204,5.55,12503,-5586
121382,Speculative,146.109,1.107185151,1.241,1633.125,453.968
121718,Investment Grade,1833.2,0.227339098,9.832,4990.1,876.4
121817,Speculative,0.13,0.442314339,1.59,274.321,15.525
122017,Investment Grade,1520.822,0.308474804,9.988,4122.859,1282.918
122172,Speculative,123.95,0.291779969,2.426,874.255,323.538
122194,Investment Grade,19,0.330068819,1.632,2189.7,477.6
122380,Investment Grade,50.2,0.349769926,10.6,3641.6,99.3
123415,Speculative,71.363,0.341655746,3.6,1171.314,1692.368
123455,Speculative,252.2,0.120897199,1.327,482.2,122.9
124046,Investment Grade,31.749,0.51391691,0,1060.697,286.962
124254,Speculative,78,0.517022504,2.1,759.9,51.5
124358,Speculative,10.389,0.84250897,0.53,298.297,38.331
126056,Speculative,69.1,0.454353785,2.9,668.7,50.8
126296,Investment Grade,1796.811,0.200242547,20.075,8773.564,873.715
126554,Investment Grade,2289,0.245065368,12.5,4202,525
127377,Investment Grade,502.024,0.275272774,8.091,2612.623,-294.003
128978,Investment Grade,239.3,0.457036524,14,5779,824.7
130618,Investment Grade,35,0.27602051,1.335,4265,2293
133289,Investment Grade,6698,0.033240654,20.98,28899,2125
133366,Investment Grade,930.1,0.18232816,11.1,2963.7,435.9
133367,Speculative,738.9,0.323629886,6,2362,93.4
133768,Investment Grade,17877,0.025303639,58,63110,11277
134932,Speculative,1028.1,0.443143088,32,3906.9,2845.9
135484,Speculative,522,0.605245924,28.332,8896,2401
135990,Speculative,1973,0.593180695,8.763,12351,1278
136266,Speculative,18.963,0.293301437,1.433,323.9,19.605
136648,Speculative,878,0.145806995,10,3161,-2142
137131,Investment Grade,117.626,0.445348477,11,1681.432,689.045
137232,Investment Grade,492,0.138716567,1.277,1010.7,108.9
137573,Speculative,406.389,0.285182627,3.727,1175.27,125.808
137943,Speculative,61.52,0.553553534,1.116,258.514,23.149
138205,Investment Grade,734.516,0.244779937,5.5,2398.373,482.525
138743,Speculative,748.476,0.522716138,5.993,3611.989,122.288
138861,Speculative,153.425,0.384345055,8.6,549.824,71.182
139665,Investment Grade,2051.5,0.574962927,10.6,3604.2,216.3
139804,Speculative,256.277,0.363600947,28.36,2533.359,81.227
140760,Investment Grade,1676,0.377634779,24.1,13502,-1154
142337,High Risk,6.486,1.929458466,0.019,144.903,94.06
142953,Investment Grade,1741,0.214777861,90,25923,976
143357,Investment Grade,4905.609,0.001186714,384,34797.661,1178.182
144009,Investment Grade,870,0.110964202,41,7846,158
144066,Investment Grade,340,0.179317504,19,5259,301
144096,Investment Grade,9.861,0.415301425,0.208,161.702,56.056
144435,Investment Grade,934,0.159943715,32,42679,1416
144559,Investment Grade,634.1,0.399701698,18.5,7683.9,889
144640,Speculative,3.4,0.390693892,7.9,6527.8,-4.3
144998,Speculative,373.4,0.40445702,87,14619.4,-55.4
145308,Speculative,108.656,1.558879947,18,1164.902,-93.178
145552,Speculative,3930,0.230281725,30.5,40412,4568
145977,Investment Grade,135.178,0.125429328,74,9567.679,306.183
146017,Investment Grade,413.2,0.120420624,11.8,3291.3,365.1
146156,Speculative,567.215,0.507309572,9.7,2376.335,69.471
146171,Speculative,64.936,0,7,1601.596,95.754
147305,Speculative,433,0.125961843,18.406,6632,1160
147579,Speculative,1467.576,0.247619605,4.7,8830.669,-382.354
147638,Speculative,246.5,0.865101863,25.359,3197.1,250.5
147988,Speculative,692.145,0.273842488,87,17410.825,176.176
148217,Speculative,34.924,0.730951752,2.492,824.443,126.824
148223,Speculative,11.167,0.438414571,1.888,767.585,69.48
148950,Speculative,111.5,0.457837558,5,1187.7,86.5
149177,Speculative,87.68,0.781611451,4.527,1103.19,184.449
149318,Speculative,2453.122,0.847057658,24.6,4466.297,1662.412
149337,Investment Grade,403,0.254628975,4.325,3705,1724
149738,Speculative,6151.7,0.196567877,4.41,3331.2,-561.9
150258,High Risk,217.027,0.37651371,0.797,224.299,53.248
150699,Investment Grade,652.876,0.351117487,0.856,1380,565.904
150937,Investment Grade,1125,0.500484731,45.5,11160,-140
151930,Investment Grade,38.415,0.370860547,3.95,995.342,526.364
152249,Investment Grade,1149.541,0.04993974,1.244,2503.711,11.909
152692,High Risk,2.877,0.180058383,0.077,92.013,-13.228
153130,Investment Grade,1039.494,0.047706579,1.325,4005.657,205.137
154357,Speculative,443.8,0.278921799,0.656,1377.1,1246.8
154653,Investment Grade,56.227,0.721955805,0.156,292.785,271.971
155313,Speculative,17.26,0.297327029,2.9,817.979,50.431
155393,Speculative,55.975,0.35796397,0.85,1299.552,279.748
155394,Speculative,227.4,0.394506021,42.5,8584.031,1860.751
155738,Investment Grade,69.654,0.907593524,3.7,1181.236,-3253.29
156093,Speculative,0,0.189957548,0.078,151.089,110.356
156383,Investment Grade,791.266,0.013123326,0.53,2220.282,4892.562
156861,Speculative,65.7,0.672611559,7.3,3127.3,-19.6
157153,Speculative,77.4,0.484411109,3.103,1138,481.9
157354,Speculative,50.7,0.284333672,2.26,1364.3,16.3
157955,Investment Grade,118,0.092007632,0.3,1451,-1119
158354,Speculative,2784,0.043494047,3.4,8307,-1079
160225,Investment Grade,6721,0.277483266,11.9,10776,2191
160282,Speculative,12.808,0.908188215,2.95,471.317,34.183
160341,High Risk,70.236,1.220228124,0.302,399.986,67.218
160541,Investment Grade,13.044,0.371828652,0.064,175.051,-82.769
160570,Speculative,130.16,0.543780393,7,662.112,48.651
160684,Investment Grade,459.453,0.337793254,8.87,5075.456,2367.069
161120,Investment Grade,44.767,0.402151641,3.585,1651.731,399.007
161844,Investment Grade,2128,0.460598955,49,11410,1413
162127,Speculative,27.077,0.65786584,1.676,743.177,119.486
162129,Investment Grade,673.1,0.224414662,8.7,7162.8,377.5
162264,Speculative,3.1,0.286964472,2.303,941.5,67.4
162346,Speculative,85.6,0.583196046,0.277,399.2,13.7
162385,Speculative,190.93,0.340897938,2.6,1018.46,1064.95
162401,Speculative,414,0.450103384,15,9657,365
162459,Speculative,275.841,0.513814288,0.111,178.819,230.143
162733,Speculative,148.352,0.344674358,5.9,1992.149,218.099
162906,Speculative,138.9,0.235301293,12.5,2734.8,815.8
163036,Speculative,14.449,0.613712835,14,6367.284,-12.287
163113,Speculative,20.8,0.569931034,1.853,1416.2,56.8
163610,Investment Grade,407,0.04720559,5.631,5958,687
163626,Speculative,29.025,0.317863781,1.9,1973.204,86.745
163629,Speculative,45.773,0.334941621,1.988,1209.847,13.579
163697,Speculative,0,0.458784663,0.176,182.464,74.114
163765,Speculative,480.092,0.292763741,30,3472.891,300.781
163983,Speculative,62.111,0.416259409,16.027,6185.01,2856.345
164086,Speculative,77.426,0.538534527,8,1788.044,242.02
164169,Investment Grade,293,0.09944543,2.9,2288.1,-81.4
164190,Speculative,787,0.39109435,26.1,14677,2558
164296,Investment Grade,300,0.497588526,7,6497,196
164363,Speculative,248,0.583434343,4.3,2093,134
164506,Speculative,42.9,0.304044563,5.04,1557.1,90.7
164606,High Risk,45.596,0.825609001,7.6,396.921,-10.573
164708,Investment Grade,2486,0.037362056,13,11739,840
165123,Investment Grade,376,0.353153745,32,7043,-305
165358,Speculative,178.571,0.374518112,2.159,639.133,-4.703
165652,Speculative,268.581,0.34637239,7.134,7743.213,-277.579
165746,Speculative,1526.591,0.334069654,8.3,8354.934,696.702
165856,Speculative,7.683,0.662717228,1.996,978.137,114.934
165993,Investment Grade,683,0.389766048,55,9241,616
166477,Speculative,13.39,0.31284967,1.411,567.726,123.741
166482,Speculative,195,0.374199594,3.9,1138.9,121.4
170527,Speculative,1143.6,0.486208149,8.7,5026.8,497.9
170750,Speculative,1666.574,0.206724888,0.158,527.107,2956.701
170841,Investment Grade,2711,0.185623294,14.8,70898,2785
